<?xml version="1.0" encoding="UTF-8"?>
<project-private xmlns="http://www.netbeans.org/ns/project-private/1">
    <editor-bookmarks xmlns="http://www.netbeans.org/ns/editor-bookmarks/2" lastBookmarkId="0"/>
    <open-files xmlns="http://www.netbeans.org/ns/projectui-open-files/2">
        <group>
            <file>file:/C:/Users/24dlee1/OneDrive%20-%20Davis%20School%20District/Documents/NetBeansProjects/Battleship/src/battleship/Location.java</file>
            <file>file:/C:/Users/24dlee1/OneDrive%20-%20Davis%20School%20District/Documents/NetBeansProjects/Battleship/src/battleship/Grid.java</file>
            <file>file:/C:/Users/24dlee1/OneDrive%20-%20Davis%20School%20District/Documents/NetBeansProjects/Battleship/src/battleship/Battleship.java</file>
            <file>file:/C:/Users/24dlee1/OneDrive%20-%20Davis%20School%20District/Documents/NetBeansProjects/Battleship/src/battleship/Player.java</file>
            <file>file:/C:/Users/24dlee1/OneDrive%20-%20Davis%20School%20District/Documents/NetBeansProjects/Battleship/src/battleship/Asker.java</file>
            <file>file:/C:/Users/24dlee1/OneDrive%20-%20Davis%20School%20District/Documents/NetBeansProjects/Battleship/src/battleship/Ships.java</file>
        </group>
    </open-files>
</project-private>
